{"index": {"/home/ubuntu/workspace/cy/cy/__init__.py": 1557968885.3577518, "/home/ubuntu/workspace/cy/world/.~c9_invoke_0geWUU.py": 1558438930.9587808, "/home/ubuntu/workspace/cy/world/admin.py": 1557968917.8962848, "/home/ubuntu/workspace/cy/world/urls.py": 1559015824.9185877, "/home/ubuntu/workspace/cy/world/__init__.py": 1557968917.8962848, "/home/ubuntu/workspace/cy/world/views.py": 1558792968.5472631, "/home/ubuntu/workspace/cy/world/.~c9_invoke_FeHp3e.py": 1558435819.4446008, "/home/ubuntu/workspace/cy/cy/settings.py": 1558054782.924146, "/home/ubuntu/workspace/cy/cy/wsgi.py": 1557968885.3577518, "/home/ubuntu/workspace/cy/world/models.py": 1559049566.393068, "/home/ubuntu/workspace/cy/cy/views.py": 1558363754.4668918, "/mnt/shared/lib/python2/lib/python2.7/os.py": 1.0, "/home/ubuntu/workspace/cy/world/migrations/__init__.py": 1557968917.8962848, "/home/ubuntu/workspace/cy/world/forms.py": 1559049520.493495, "/home/ubuntu/workspace/cy/world/apps.py": 1557968917.8962848, "/home/ubuntu/workspace/cy/world/tests.py": 1557968917.8962848}, "version": 27}